{"cameraMode":{"drawMode":0,"name":"Shaded","section":"Shading Mode"},"sceneLighting":true,"audioPlay":false,"sceneViewState":{"showFog":false,"showMaterialUpdate":false,"showSkybox":false,"showFlares":false,"showImageEffects":false,"showParticleSystems":false},"in2DMode":false,"pivot":{"x":-4.28000020980835,"y":1.7799999713897706,"z":0.0},"rotation":{"x":-0.004499936942011118,"y":-0.004499941598623991,"z":-0.000020249466615496203,"w":0.9999799728393555},"size":12.408019065856934,"orthographic":true}