{"cameraMode":{"drawMode":0,"name":"Shaded","section":"Shading Mode"},"sceneLighting":true,"audioPlay":false,"sceneViewState":{"showFog":false,"showMaterialUpdate":false,"showSkybox":false,"showFlares":false,"showImageEffects":false,"showParticleSystems":false},"in2DMode":false,"pivot":{"x":17.427316665649415,"y":18.272897720336915,"z":0.91875821352005},"rotation":{"x":-0.004499936942011118,"y":-0.004499941598623991,"z":-0.000020249466615496203,"w":0.9999799728393555},"size":15.944267272949219,"orthographic":true}