{"cameraMode":{"drawMode":0,"name":"Shaded","section":"Shading Mode"},"sceneLighting":true,"audioPlay":false,"sceneViewState":{"showFog":false,"showMaterialUpdate":false,"showSkybox":false,"showFlares":false,"showImageEffects":false,"showParticleSystems":false},"in2DMode":false,"pivot":{"x":10.0264892578125,"y":19.669342041015626,"z":0.51171875},"rotation":{"x":-0.004499936942011118,"y":-0.004499941598623991,"z":-0.000020249466615496203,"w":0.9999799728393555},"size":21.854162216186525,"orthographic":true}