{"cameraMode":{"drawMode":0,"name":"Shaded","section":"Shading Mode"},"sceneLighting":true,"audioPlay":false,"sceneViewState":{"showFog":false,"showMaterialUpdate":false,"showSkybox":false,"showFlares":false,"showImageEffects":false,"showParticleSystems":false},"in2DMode":false,"pivot":{"x":17.426860809326173,"y":12.718162536621094,"z":0.96875},"rotation":{"x":-0.004499936942011118,"y":-0.004499941598623991,"z":-0.000020249466615496203,"w":0.9999799728393555},"size":19.975318908691408,"orthographic":true}